combination_id,candidate_ids,project_count,cumulative_length_m,rider_profile,target_lts,modified_directed_edges,od_records,routed_od_records,improved_od_records,total_demand,routed_demand,improved_demand,demand_weighted_route_cost_reduction,percent_baseline_cost_reduction,demand_weighted_distance_change_m,mean_distance_change_m,minimum_cost_reduction,runtime_seconds,workers
C001+C002,C001;C002,2,301.9559312421302,child,2,2,42294,38425,905,50000.0,45568.0,973.0,354138.205355966,0.0918318907852607,-58271.51403265835,-1.278781470168942,0.0,132.90508747287095,16
C001+C002,C001;C002,2,301.9559312421302,low_confidence_adult,2,2,42294,38425,1178,50000.0,45568.0,1263.0,321362.4264232389,0.0979014768491847,-68690.48156998475,-1.5074280541165896,0.0,127.0840103328228,16
C001+C002,C001;C002,2,301.9559312421302,typical_adult,2,2,42294,38425,1238,50000.0,45568.0,1322.0,244411.7304836469,0.0856250705995665,38705.55866863526,0.8494021828615533,0.0,130.7468184849713,16
C001+C002,C001;C002,2,301.9559312421302,experienced_adult,2,2,42294,38425,1179,50000.0,45568.0,1255.0,155757.49641340674,0.0625661372038362,50110.96508980845,1.099696389786878,0.0,105.71025869995356,16
C001+C003,C001;C003,2,351.3904616856741,child,2,3,42294,38425,695,50000.0,45568.0,770.0,287031.2855088223,0.0744303361347429,-41449.98899536139,-0.9096293231074744,0.0,123.60130341397598,16
C001+C003,C001;C003,2,351.3904616856741,low_confidence_adult,2,3,42294,38425,906,50000.0,45568.0,987.0,262150.63526085054,0.0798628969622856,-65358.86114373425,-1.4343148951837748,0.0,171.78781240293756,16
C001+C003,C001;C003,2,351.3904616856741,typical_adult,2,3,42294,38425,1144,50000.0,45568.0,1224.0,242689.4323461385,0.085021695715203,39848.88397121648,0.8744927135537324,0.0,131.99704065499827,16
C001+C003,C001;C003,2,351.3904616856741,experienced_adult,2,3,42294,38425,917,50000.0,45568.0,985.0,132998.73895797512,0.0534241852956852,56826.272585285726,1.2470653218329908,0.0,142.79126934683882,16
C001+C004,C001;C004,2,277.3388874245918,child,2,3,42294,38425,764,50000.0,45568.0,832.0,286632.553040109,0.0743269404661434,-50919.96924855044,-1.117450167849158,0.0,93.32605996611528,16
C001+C004,C001;C004,2,277.3388874245918,low_confidence_adult,2,3,42294,38425,971,50000.0,45568.0,1046.0,263352.9606067364,0.0802291794437989,-69295.94151229193,-1.5207150086089345,0.0,156.47525347210467,16
C001+C004,C001;C004,2,277.3388874245918,typical_adult,2,3,42294,38425,1172,50000.0,45568.0,1251.0,214159.65986493404,0.0750268244458956,5597.802551480525,0.1228450349253977,0.0,138.34108265605755,16
C001+C004,C001;C004,2,277.3388874245918,experienced_adult,2,3,42294,38425,1035,50000.0,45568.0,1101.0,126861.54373858991,0.0509589389545163,52207.20152050746,1.145698769322934,0.0,131.76442794199102,16
C001+C005,C001;C005,2,225.04304361480968,child,2,2,42294,38425,1122,50000.0,45568.0,1192.0,371742.73282893735,0.0963969363515786,-30289.94013729268,-0.6647195430410087,0.0,123.06693652505056,16
C001+C005,C001;C005,2,225.04304361480968,low_confidence_adult,2,2,42294,38425,1266,50000.0,45568.0,1341.0,313297.2898000302,0.0954444727893427,8675.4362401437,0.1903843978261872,0.0,229.8484329150524,16
C001+C005,C001;C005,2,225.04304361480968,typical_adult,2,2,42294,38425,1324,50000.0,45568.0,1397.0,219075.95659687888,0.0767491568966671,67798.52474204144,1.4878538610876368,0.0,141.53500935295597,16
C001+C005,C001;C005,2,225.04304361480968,experienced_adult,2,2,42294,38425,997,50000.0,45568.0,1055.0,101801.648098359,0.0408926442011708,74436.16788978784,1.6335184315701334,0.0,113.1598048452288,16
C001+C006,C001;C006,2,238.0212003122826,child,2,2,42294,38425,1374,50000.0,45568.0,1469.0,466766.56539753015,0.1210376502945,76486.77824875311,1.678519536708943,0.0,98.089440345997,16
C001+C006,C001;C006,2,238.0212003122826,low_confidence_adult,2,2,42294,38425,1437,50000.0,45568.0,1536.0,366214.096303597,0.1115653166742428,26951.023854509356,0.5914462748970627,0.0,185.3727587996982,16
C001+C006,C001;C006,2,238.0212003122826,typical_adult,2,2,42294,38425,1306,50000.0,45568.0,1397.0,227932.65250144256,0.0798519343722265,78760.46699540151,1.7284161471954331,0.0,141.6473179080058,16
C001+C006,C001;C006,2,238.0212003122826,experienced_adult,2,2,42294,38425,969,50000.0,45568.0,1036.0,107274.36824186287,0.0430909779395859,87268.78530981034,1.9151331045867788,0.0,142.80990978819318,16
C001+C007,C001;C007,2,221.7131234650907,child,2,3,42294,38425,738,50000.0,45568.0,834.0,257379.63047993075,0.0667413392825722,-39717.61064182736,-0.8716118908406637,0.0,124.49086042609996,16
C001+C007,C001;C007,2,221.7131234650907,low_confidence_adult,2,3,42294,38425,1059,50000.0,45568.0,1193.0,255513.45819762905,0.0778409137334711,-52001.74661419595,-1.1411900152342862,0.0,135.82430965988897,16
C001+C007,C001;C007,2,221.7131234650907,typical_adult,2,3,42294,38425,1215,50000.0,45568.0,1356.0,198901.1912539568,0.0696813058430411,51681.22072636314,1.1341560025975057,0.0,139.29571752389893,16
C001+C007,C001;C007,2,221.7131234650907,experienced_adult,2,3,42294,38425,1107,50000.0,45568.0,1241.0,112706.01384747658,0.0452728124710132,36400.04438312942,0.7988071537730297,0.0,99.26319993007928,16
C001+C008,C001;C008,2,198.9287054144573,child,2,2,42294,38425,1313,50000.0,45568.0,1396.0,366670.2922868085,0.0950815973149127,-2740.729010499688,-0.0601459140295753,0.0,121.45999720296822,16
C001+C008,C001;C008,2,198.9287054144573,low_confidence_adult,2,2,42294,38425,1419,50000.0,45568.0,1505.0,303761.67776335945,0.0925394956535856,25954.74973220655,0.5695828154013024,0.0,121.03510142024606,16
C001+C008,C001;C008,2,198.9287054144573,typical_adult,2,2,42294,38425,1431,50000.0,45568.0,1512.0,208649.7762121532,0.0730965399385555,72035.02494972725,1.5808248101678206,0.0,138.46200867113657,16
C001+C008,C001;C008,2,198.9287054144573,experienced_adult,2,2,42294,38425,1059,50000.0,45568.0,1124.0,95718.87884327244,0.0384492601936177,82466.71623934378,1.8097506197187447,0.0,131.6772180509288,16
C001+C009,C001;C009,2,169.841499708393,child,2,2,42294,38425,1179,50000.0,45568.0,1538.0,313781.9739151223,0.0813670807700432,-15785.885772300308,-0.3464248106631914,0.0,118.6029976280406,16
C001+C009,C001;C009,2,169.841499708393,low_confidence_adult,2,2,42294,38425,1342,50000.0,45568.0,1707.0,269727.9342550821,0.0821712836966019,8454.733646423623,0.1855410298109116,0.0,123.9236380988732,16
C001+C009,C001;C009,2,169.841499708393,typical_adult,2,2,42294,38425,1442,50000.0,45568.0,1806.0,193726.95741436872,0.0678686099591869,47764.07716949021,1.04819340698495,0.0,185.8515045773238,16
C001+C009,C001;C009,2,169.841499708393,experienced_adult,2,2,42294,38425,1238,50000.0,45568.0,1591.0,100051.01238416613,0.0401894323698929,62713.10777435936,1.3762532429415235,0.0,171.03089596284553,16
C001+C010,C001;C010,2,183.06948869174437,child,2,2,42294,38425,799,50000.0,45568.0,897.0,333480.23178655375,0.0864750534150475,-16469.464481170977,-0.3614260990425513,0.0,91.70963256200776,16
C001+C010,C001;C010,2,183.06948869174437,low_confidence_adult,2,2,42294,38425,959,50000.0,45568.0,1063.0,283052.26579443726,0.0862304755263681,8454.733646423623,0.1855410298109116,0.0,101.42253231001088,16
C001+C010,C001;C010,2,183.06948869174437,typical_adult,2,2,42294,38425,1053,50000.0,45568.0,1156.0,200156.15698872996,0.0701209595758114,47938.55517500879,1.052022366024596,0.0,130.4426642979961,16
C001+C010,C001;C010,2,183.06948869174437,experienced_adult,2,2,42294,38425,812,50000.0,45568.0,903.0,111682.05502697152,0.0448614990541312,61290.61257544255,1.345036266139452,0.0,128.70752713200636,16
